Week,Article Title,Primary Keyword,Target Page Type,CTA,Distribution
1,Why Medical Practices Lose Revenue Before Claims Are Submitted,revenue leakage medical billing,Blog,Free RCM Audit,LinkedIn + GSC + Bing
1,Clean Claim Rate: What It Means and How to Improve It,clean claim rate medical billing,Blog,Download Clean Claim Checklist,LinkedIn + Newsletter
2,Top 10 Denial Reasons in Medical Billing,medical billing denial reasons,Blog,Free Denial Pattern Review,LinkedIn
2,AR Aging Buckets Explained for Practice Owners,AR aging medical billing,Blog,Free AR Aging Review,LinkedIn + Email
3,Eligibility Verification Mistakes That Cause Denials,eligibility verification denials,Blog,Free Eligibility Workflow Review,LinkedIn
3,How to Build a Denial Prevention Workflow,denial prevention workflow,Blog,Free Denial Review,LinkedIn
4,Why First-Pass Claim Rate Matters,first pass claim rate,Blog,Free RCM Audit,LinkedIn
4,RCM KPIs Every Provider Should Review Weekly,RCM KPIs for practices,Blog,Practice Dashboard Preview,LinkedIn + Newsletter
5,Clinical Lab Billing: Common Rejection Patterns,clinical lab billing denials,Blog/Landing,Free Lab Billing Review,LinkedIn
5,Imaging Center Billing Challenges and Solutions,imaging center billing services,Blog/Landing,Free Imaging Billing Review,LinkedIn
6,Urgent Care Billing Workflow Checklist,urgent care billing workflow,Blog,Free RCM Audit,LinkedIn
6,Physician Group RCM Improvement Plan,physician group RCM services,Blog/Landing,Free RCM Audit,LinkedIn
7,Behavioral Health Billing Denial Risks,behavioral health billing denials,Blog,Free Denial Review,LinkedIn
7,DME Billing and Documentation Gaps,DME billing documentation,Blog,Free Documentation Review,LinkedIn
8,Multi-Provider Practice Billing Challenges,multi provider practice billing,Blog,Free RCM Audit,LinkedIn
8,How Specialty-Specific RCM Improves Collections,specialty specific RCM,Blog,Book Demo,LinkedIn
9,Medical Billing Automation: What to Automate First,medical billing automation,Blog,Automation Review,LinkedIn
9,OfficeAlly Claim Entry Automation Explained,OfficeAlly claim entry automation,Blog/Landing,ChargePilot Demo,LinkedIn
10,How ChargePilot Supports Claim Entry Teams,ChargePilot OfficeAlly automation,Blog/Product,ChargePilot Demo,LinkedIn + Email
10,Manual Billing vs Automated Claim Entry,manual billing vs automation,Blog,Automation Review,LinkedIn
11,How Dashboards Improve RCM Visibility,RCM dashboard for medical practices,Blog/Landing,Dashboard Preview,LinkedIn
11,AI in Medical Billing: Practical Use Cases,AI in medical billing,Blog,Book Demo,LinkedIn
12,How Automation Reduces Repetitive Billing Work,automation in medical billing,Blog,Automation Review,LinkedIn
12,RCM Automation Roadmap for Growing Practices,RCM automation roadmap,Blog,Book Demo,LinkedIn + Newsletter
